<?xml version="1.0" encoding="utf-8" ?>
<dwsync>
<file name="arrow_first_default.png" server="designvii.link" local="132978371339309583" remote="132962418000000000" Dst="0" />
<file name="arrow_first_disable.png" server="designvii.link" local="132978371352774398" remote="132962418000000000" Dst="0" />
<file name="arrow_nav.png" server="designvii.link" local="132978371368610477" remote="132962418000000000" Dst="0" />
<file name="arrow_first_hover.png" server="designvii.link" local="132978371371191799" remote="132962418000000000" Dst="0" />
<file name="arrow_prev_default.png" server="designvii.link" local="132978371373962548" remote="132962418000000000" Dst="0" />
<file name="arrow_prev_disable.png" server="designvii.link" local="132978371381712254" remote="132962418000000000" Dst="0" />
<file name="arrow_prev_hover.png" server="designvii.link" local="132978371387004290" remote="132962418000000000" Dst="0" />
<file name="icon_basics_hover.png" server="designvii.link" local="132978371389695293" remote="132962418000000000" Dst="0" />
<file name="icon_basics.png" server="designvii.link" local="132978371397381913" remote="132962418000000000" Dst="0" />
<file name="icon_breadcrumb.png" server="designvii.link" local="132978371402644318" remote="132962418000000000" Dst="0" />
<file name="icon_btn_close.png" server="designvii.link" local="132978371405215853" remote="132962418000000000" Dst="0" />
<file name="icon_btn_more.png" server="designvii.link" local="132978371410431582" remote="132962524200000000" Dst="0" />
<file name="icon_calendar.png" server="designvii.link" local="132978371421095322" remote="132962524200000000" Dst="0" />
<file name="icon_checkbox_check.png" server="designvii.link" local="132978371426387630" remote="132962524200000000" Dst="0" />
<file name="icon_checkbox.png" server="designvii.link" local="132978371426387630" remote="132962524200000000" Dst="0" />
<file name="icon_chkbox_checked.png" server="designvii.link" local="132978371440320218" remote="132965099400000000" Dst="0" />
<file name="icon_customer_hover.png" server="designvii.link" local="132978371445472998" remote="132962524200000000" Dst="0" />
<file name="icon_chkbox.png" server="designvii.link" local="132978371450747094" remote="132965099400000000" Dst="0" />
<file name="icon_customer.png" server="designvii.link" local="132978371455951148" remote="132962524200000000" Dst="0" />
<file name="icon_download.png" server="designvii.link" local="132978371458450456" remote="132962524200000000" Dst="0" />
<file name="icon_equipment_hover.png" server="designvii.link" local="132978371466334116" remote="132962524200000000" Dst="0" />
<file name="icon_equ_red.png" server="designvii.link" local="132978371471380959" remote="132962769000000000" Dst="0" />
<file name="icon_equipment.png" server="designvii.link" local="132978371474012155" remote="132962524200000000" Dst="0" />
<file name="icon_home.png" server="designvii.link" local="132978371484222225" remote="132962524200000000" Dst="0" />
<file name="icon_home_hover.png" server="designvii.link" local="132978371486834719" remote="132962524200000000" Dst="0" />
<file name="icon_home_red.png" server="designvii.link" local="132978371489436046" remote="132962769000000000" Dst="0" />
<file name="icon_logout_hover.png" server="designvii.link" local="132978371496986346" remote="132962524200000000" Dst="0" />
<file name="icon_logout.png" server="designvii.link" local="132978371502198977" remote="132962524200000000" Dst="0" />
<file name="icon_plus.png" server="designvii.link" local="132978371504870028" remote="132962786400000000" Dst="0" />
<file name="icon_product_hover.png" server="designvii.link" local="132978371512408904" remote="132962524200000000" Dst="0" />
<file name="icon_product.png" server="designvii.link" local="132978371517620799" remote="132962524200000000" Dst="0" />
<file name="icon_product_red.png" server="designvii.link" local="132978371520341687" remote="132962769000000000" Dst="0" />
<file name="icon_promotion_hover.png" server="designvii.link" local="132978371527910985" remote="132962524200000000" Dst="0" />
<file name="icon_promotion.png" server="designvii.link" local="132978371533243175" remote="132962524200000000" Dst="0" />
<file name="icon_prom_red.png" server="designvii.link" local="132978371535874375" remote="132962769000000000" Dst="0" />
<file name="icon_sales_hover.png" server="designvii.link" local="132978371543323684" remote="132962524200000000" Dst="0" />
<file name="icon_sales.png" server="designvii.link" local="132978371551234123" remote="132962524200000000" Dst="0" />
<file name="icon_sales_red.png" server="designvii.link" local="132978371553880853" remote="132962769000000000" Dst="0" />
<file name="icon_search.png" server="designvii.link" local="132978371558946804" remote="132962524200000000" Dst="0" />
<file name="icon_select.png" server="designvii.link" local="132978371569605787" remote="132962524200000000" Dst="0" />
<file name="icon_setting_red.png" server="designvii.link" local="132978371574708715" remote="132962769000000000" Dst="0" />
<file name="icon_user.png" server="designvii.link" local="132978371574708715" remote="132962524200000000" Dst="0" />
<file name="icon_user_red.png" server="designvii.link" local="132978371587736714" remote="132962769000000000" Dst="0" />
<file name="login_logo.png" server="designvii.link" local="132978371592759043" remote="132962524200000000" Dst="0" />
<file name="login_bg.jpg" server="designvii.link" local="132978371603264723" remote="132962524200000000" Dst="0" />
<file name="carcam.png" server="designvii.link" local="132995834042898484" remote="132995509800000000" Dst="0" />
<file name="arrow_diagonal.png" server="designvii.link" local="132996672715777190" remote="132996348600000000" Dst="0" />
<file name="camera_control_4.png" server="designvii.link" local="132996690551353349" remote="132996366600000000" Dst="0" />
<file name="arrow_left.png" server="designvii.link" local="132996736351751550" remote="132996412200000000" Dst="0" />
<file name="camera_control_1.png" server="designvii.link" local="132997326514802333" remote="132995361600000000" Dst="0" />
<file name="camera_control_2.png" server="designvii.link" local="132997326517383964" remote="132995361600000000" Dst="0" />
<file name="camera_control_3.png" server="designvii.link" local="132997326525075629" remote="132995361600000000" Dst="0" />
<file name="carwash.png" server="designvii.link" local="132997326532878932" remote="132995291400000000" Dst="0" />
<file name="icon_checkmark.png" server="designvii.link" local="132997326535383967" remote="132996276000000000" Dst="0" />
</dwsync>