<?xml version="1.0" encoding="utf-8" ?>
<dwsync>
<file name="arrow01.svg" server="designvii.link" local="133001948855989098" remote="132910683600000000" Dst="0" />
<file name="arrow02.svg" server="designvii.link" local="133001948863654465" remote="132910683600000000" Dst="0" />
<file name="arrow03.svg" server="designvii.link" local="133001948873851778" remote="132910683600000000" Dst="0" />
<file name="arrow04.png" server="designvii.link" local="133001948876406758" remote="132910683600000000" Dst="0" />
<file name="check01_off.svg" server="designvii.link" local="133001948912617123" remote="132910683600000000" Dst="0" />
<file name="check01_on.svg" server="designvii.link" local="133001948925383758" remote="132910683600000000" Dst="0" />
<file name="check02.svg" server="designvii.link" local="133001948922780747" remote="132910683600000000" Dst="0" />
<file name="ico_warn.png" server="designvii.link" local="133001948969011649" remote="132910683600000000" Dst="0" />
<file name="pay01.png" server="designvii.link" local="133001949033832857" remote="132910683600000000" Dst="0" />
<file name="pay02.png" server="designvii.link" local="133001949036363324" remote="132910683600000000" Dst="0" />
<file name="payment01.png" server="designvii.link" local="133001949049130039" remote="132910683600000000" Dst="0" />
<file name="payment03.png" server="designvii.link" local="133001949059433610" remote="132910683600000000" Dst="0" />
<file name="payment02.png" server="designvii.link" local="133001949051730837" remote="132910683600000000" Dst="0" />
<file name="pay_oneOption0101.png" server="designvii.link" local="133001949064564951" remote="132910683600000000" Dst="0" />
<file name="pay_oneOption0102.png" server="designvii.link" local="133001949069878940" remote="132910683600000000" Dst="0" />
<file name="pay_oneOption0103.png" server="designvii.link" local="133001949074998323" remote="132910683600000000" Dst="0" />
<file name="pay_oneOption0104.png" server="designvii.link" local="133001949080120955" remote="132910683600000000" Dst="0" />
<file name="pay_oneOption0105.png" server="designvii.link" local="133001949085231163" remote="132910683600000000" Dst="0" />
<file name="pay_oneOption0106.png" server="designvii.link" local="133001949090450044" remote="132910683600000000" Dst="0" />
<file name="pay_oneOption0201.png" server="designvii.link" local="133001949095612730" remote="132910683600000000" Dst="0" />
<file name="pay_onetime01_on.png" server="designvii.link" local="133001949100731903" remote="133001620800000000" Dst="0" />
<file name="pay_onetime01.png" server="designvii.link" local="133001949105831587" remote="133001620800000000" Dst="0" />
<file name="pay_onetime02_on.png" server="designvii.link" local="133001949110943759" remote="133001620800000000" Dst="0" />
<file name="pay_onetime02.png" server="designvii.link" local="133001949116085735" remote="133001620800000000" Dst="0" />
<file name="pay_onetime03_on.png" server="designvii.link" local="133001949121234069" remote="133001620800000000" Dst="0" />
<file name="pay_onetime03.png" server="designvii.link" local="133001949123786828" remote="133001620800000000" Dst="0" />
<file name="pay_onetime04_on.png" server="designvii.link" local="133001949131433135" remote="133001620800000000" Dst="0" />
<file name="pay_onetime04.png" server="designvii.link" local="133001949139165510" remote="133001620800000000" Dst="0" />
<file name="pay_onetime05.png" server="designvii.link" local="133001949136581498" remote="132910683600000000" Dst="0" />
<file name="pay_onetime06.png" server="designvii.link" local="133001949144252635" remote="132910683600000000" Dst="0" />
<file name="pay_onetime07.png" server="designvii.link" local="133001949149538146" remote="132910683600000000" Dst="0" />
<file name="arrow03_dark.svg" server="designvii.link" local="133001948861060523" remote="132953135400000000" Dst="0" />
<file name="btn_arrow_black.svg" server="designvii.link" local="133001948878929484" remote="132953811600000000" Dst="0" />
<file name="btn_arrow_chacol.svg" server="designvii.link" local="133001948891874961" remote="132953811600000000" Dst="0" />
<file name="btn_close.svg" server="designvii.link" local="133001948891874961" remote="132953220000000000" Dst="0" />
<file name="btn_pay.svg" server="designvii.link" local="133001948907461910" remote="132952969800000000" Dst="0" />
<file name="btn_coupon.svg" server="designvii.link" local="133001948894407557" remote="132952969800000000" Dst="0" />
<file name="car_profile_dummy.jpg" server="designvii.link" local="133001948910011125" remote="132954033600000000" Dst="0" />
<file name="ico_coupon_black.svg" server="designvii.link" local="133001948943303258" remote="132952997400000000" Dst="0" />
<file name="ico_alarm.svg" server="designvii.link" local="133001948928000886" remote="132952913400000000" Dst="0" />
<file name="ico_coupon_free.svg" server="designvii.link" local="133001948943303258" remote="132953092800000000" Dst="0" />
<file name="ico_coupon_percent.svg" server="designvii.link" local="133001948953486000" remote="132953092800000000" Dst="0" />
<file name="ico_gift.svg" server="designvii.link" local="133001948958652719" remote="132953179800000000" Dst="0" />
<file name="ico_location.svg" server="designvii.link" local="133001948961184302" remote="132953792400000000" Dst="0" />
<file name="myinfo_membership_on.svg" server="designvii.link" local="133001948976755514" remote="132953916000000000" Dst="0" />
<file name="myinfo_membership.svg" server="designvii.link" local="133001948974137575" remote="132953916000000000" Dst="0" />
<file name="myinfo_mem_cancel_on.svg" server="designvii.link" local="133001948986953522" remote="132953914200000000" Dst="0" />
<file name="myinfo_mem_cancel.svg" server="designvii.link" local="133001948989628881" remote="132953916000000000" Dst="0" />
<file name="myinfo_record_on.svg" server="designvii.link" local="133001948992238922" remote="132953916000000000" Dst="0" />
<file name="myinfo_record.svg" server="designvii.link" local="133001949002688814" remote="132953916000000000" Dst="0" />
<file name="myinfo_user_cancel_on.svg" server="designvii.link" local="133001949007811272" remote="132953916000000000" Dst="0" />
<file name="myinfo_user_cancel.svg" server="designvii.link" local="133001949010360594" remote="132953916000000000" Dst="0" />
<file name="myinfo_user_on.svg" server="designvii.link" local="133001949018082787" remote="132953916000000000" Dst="0" />
<file name="myinfo_user.svg" server="designvii.link" local="133001949023164971" remote="132953916000000000" Dst="0" />
<file name="one_QR.jpg" server="designvii.link" local="133001949028638229" remote="132953000400000000" Dst="0" />
<file name="pay03.png" server="designvii.link" local="133001949044004914" remote="132954079200000000" Dst="0" />
<file name="QR_dummy.jpg" server="designvii.link" local="133001949185456934" remote="132953143800000000" Dst="0" />
<file name="ico_close2.svg" server="designvii.link" local="133001948935703093" remote="132960153600000000" Dst="0" />
<file name="pay_optionicon01.png" server="designvii.link" local="133001949154672311" remote="133001592600000000" Dst="0" />
<file name="pay_optionicon02.png" server="designvii.link" local="133001949159838869" remote="133001592600000000" Dst="0" />
<file name="pay_optionicon03.png" server="designvii.link" local="133001949162388204" remote="133001592600000000" Dst="0" />
<file name="pay_optionicon04.png" server="designvii.link" local="133001949167482882" remote="133001592600000000" Dst="0" />
<file name="pay_optionicon05.png" server="designvii.link" local="133001949175193534" remote="133001592600000000" Dst="0" />
<file name="pay_optionicon06.png" server="designvii.link" local="133001949180383055" remote="133001592600000000" Dst="0" />
</dwsync>