<?xml version="1.0" encoding="utf-8" ?>
<dwsync>
<file name="Montserrat-Black.ttf" server="designvii.link" local="133001948406413133" remote="132910683000000000" Dst="0" />
<file name="Montserrat-Bold.eot" server="designvii.link" local="133001948403820463" remote="132910683000000000" Dst="0" />
<file name="Montserrat-Bold.ttf" server="designvii.link" local="133001948416702644" remote="132910683000000000" Dst="0" />
<file name="Montserrat-Bold.woff" server="designvii.link" local="133001948424219669" remote="132910683000000000" Dst="0" />
<file name="Montserrat-Bold.woff2" server="designvii.link" local="133001948426960641" remote="132910683000000000" Dst="0" />
<file name="Montserrat-ExtraBold.ttf" server="designvii.link" local="133001948439815434" remote="132910683000000000" Dst="0" />
<file name="Montserrat-ExtraLight.ttf" server="designvii.link" local="133001948445154679" remote="132910683000000000" Dst="0" />
<file name="Montserrat-Light.eot" server="designvii.link" local="133001948447728824" remote="132910683000000000" Dst="0" />
<file name="Montserrat-LightItalic.ttf" server="designvii.link" local="133001948460665428" remote="132910683000000000" Dst="0" />
<file name="Montserrat-Light.ttf" server="designvii.link" local="133001948465645967" remote="132910683000000000" Dst="0" />
<file name="Montserrat-Light.woff" server="designvii.link" local="133001948470589294" remote="132910683000000000" Dst="0" />
<file name="Montserrat-Light.woff2" server="designvii.link" local="133001948483785527" remote="132910683000000000" Dst="0" />
<file name="Montserrat-Medium.eot" server="designvii.link" local="133001948488955655" remote="132910683000000000" Dst="0" />
<file name="Montserrat-Medium.woff" server="designvii.link" local="133001948493197668" remote="132910683000000000" Dst="0" />
<file name="Montserrat-Medium.woff2" server="designvii.link" local="133001948506163480" remote="132910683000000000" Dst="0" />
<file name="Montserrat-Regular.eot" server="designvii.link" local="133001948511319407" remote="132910683000000000" Dst="0" />
<file name="Montserrat-Regular.ttf" server="designvii.link" local="133001948514634577" remote="132910683000000000" Dst="0" />
<file name="Montserrat-Regular.woff" server="designvii.link" local="133001948527448198" remote="132910683000000000" Dst="0" />
<file name="Montserrat-Regular.woff2" server="designvii.link" local="133001948530366458" remote="132910683000000000" Dst="0" />
<file name="Montserrat-SemiBold.eot" server="designvii.link" local="133001948535184336" remote="132910683000000000" Dst="0" />
<file name="Montserrat-SemiBold.ttf" server="designvii.link" local="133001948550327544" remote="132910683000000000" Dst="0" />
<file name="Montserrat-SemiBold.woff" server="designvii.link" local="133001948553498747" remote="132910683000000000" Dst="0" />
<file name="Montserrat-SemiBold.woff2" server="designvii.link" local="133001948556117291" remote="132910683000000000" Dst="0" />
<file name="Montserrat-Thin.eot" server="designvii.link" local="133001948569075805" remote="132910683000000000" Dst="0" />
<file name="Montserrat-Thin.woff" server="designvii.link" local="133001948576627086" remote="132910683000000000" Dst="0" />
<file name="Montserrat-Thin.ttf" server="designvii.link" local="133001948574047533" remote="132910683000000000" Dst="0" />
<file name="Montserrat-Thin.woff2" server="designvii.link" local="133001948589239220" remote="132910683000000000" Dst="0" />
<file name="SpoqaHanSansNeo-Bold.eot" server="designvii.link" local="133001948594465985" remote="132910683000000000" Dst="0" />
<file name="SpoqaHanSansNeo-Bold.woff" server="designvii.link" local="133001948609822466" remote="133001599800000000" Dst="0" />
<file name="SpoqaHanSansNeo-Bold.ttf" server="designvii.link" local="133001948604412099" remote="132910683000000000" Dst="0" />
<file name="SpoqaHanSansNeo-Bold.woff2" server="designvii.link" local="133001948617284310" remote="133001599800000000" Dst="0" />
<file name="SpoqaHanSansNeo-Light.eot" server="designvii.link" local="133001948627524119" remote="132910683000000000" Dst="0" />
<file name="SpoqaHanSansNeo-Light.ttf" server="designvii.link" local="133001948641056073" remote="132910683000000000" Dst="0" />
<file name="SpoqaHanSansNeo-Light.woff" server="designvii.link" local="133001948645835148" remote="133001599800000000" Dst="0" />
<file name="SpoqaHanSansNeo-Light.woff2" server="designvii.link" local="133001948648408836" remote="133001599800000000" Dst="0" />
<file name="SpoqaHanSansNeo-Medium.eot" server="designvii.link" local="133001948664192030" remote="132910683000000000" Dst="0" />
<file name="SpoqaHanSansNeo-Medium.ttf" server="designvii.link" local="133001948674217602" remote="132910683000000000" Dst="0" />
<file name="SpoqaHanSansNeo-Medium.woff" server="designvii.link" local="133001948669054480" remote="133001599800000000" Dst="0" />
<file name="SpoqaHanSansNeo-Medium.woff2" server="designvii.link" local="133001948692275238" remote="133001599800000000" Dst="0" />
<file name="SpoqaHanSansNeo-Regular.eot" server="designvii.link" local="133001948689574556" remote="132910683000000000" Dst="0" />
<file name="SpoqaHanSansNeo-Regular.woff" server="designvii.link" local="133001948710285649" remote="133001599800000000" Dst="0" />
<file name="SpoqaHanSansNeo-Regular.ttf" server="designvii.link" local="133001948701872180" remote="132910683600000000" Dst="0" />
<file name="SpoqaHanSansNeo-Regular.woff2" server="designvii.link" local="133001948714472521" remote="133001599800000000" Dst="0" />
<file name="SpoqaHanSansNeo-Thin.eot" server="designvii.link" local="133001948723052731" remote="132910683600000000" Dst="0" />
<file name="SpoqaHanSansNeo-Thin.woff" server="designvii.link" local="133001948738343834" remote="133001599800000000" Dst="0" />
<file name="SpoqaHanSansNeo-Thin.ttf" server="designvii.link" local="133001948740892063" remote="132910683600000000" Dst="0" />
<file name="SpoqaHanSansNeo-Thin.woff2" server="designvii.link" local="133001948745403808" remote="133001599800000000" Dst="0" />
</dwsync>